<?xml version="1.0"?>
<!--
/**
 * Pmclain_Stripe extension
 * NOTICE OF LICENSE
 *
 * This source file is subject to the GPL v3 License
 * that is bundled with this package in the file LICENSE.txt.
 * It is also available through the world-wide-web at this URL:
 * https://www.gnu.org/licenses/gpl.txt
 *
 * @category  Pmclain
 * @package   Pmclain_Stripe
 * @copyright Copyright (c) 2017
 * @license   https://www.gnu.org/licenses/gpl.txt GPL v3 License
 */
-->
<config xmlns:xsi="http://www.w3.org/2001/XMLSchema-instance" xsi:noNamespaceSchemaLocation="urn:magento:framework:ObjectManager/etc/config.xsd">
  <!-- Payment Method Facade configuration -->
  <virtualType name="StripeFacade" type="Magento\Payment\Model\Method\Adapter">
    <arguments>
      <argument name="code" xsi:type="const">Pmclain\Stripe\Model\Ui\ConfigProvider::CODE</argument>
      <argument name="formBlockType" xsi:type="string">Pmclain\Stripe\Block\Form</argument>
      <argument name="infoBlockType" xsi:type="string">Pmclain\Stripe\Block\Info</argument>
      <argument name="valueHandlerPool" xsi:type="object">StripeValueHandlerPool</argument>
      <argument name="validatorPool" xsi:type="object">StripeValidatorPool</argument>
      <argument name="commandPool" xsi:type="object">StripeCommandPool</argument>
    </arguments>
  </virtualType>

  <!-- Configuration for Vault payments -->
  <virtualType name="StripeVaultPaymentConfig" type="Magento\Payment\Gateway\Config\Config">
    <arguments>
      <argument name="methodCode" xsi:type="const">Pmclain\Stripe\Model\Ui\ConfigProvider::CC_VAULT_CODE</argument>
    </arguments>
  </virtualType>
  <virtualType name="StripeVaultPaymentValueHandler" type="VaultPaymentDefaultValueHandler">
    <arguments>
      <argument name="configInterface" xsi:type="object">StripeVaultPaymentConfig</argument>
    </arguments>
  </virtualType>
  <virtualType name="StripeVaultPaymentValueHandlerPool" type="VaultPaymentValueHandlerPool">
    <arguments>
      <argument name="handlers" xsi:type="array">
        <item name="default" xsi:type="string">StripeVaultPaymentValueHandler</item>
      </argument>
    </arguments>
  </virtualType>
  <virtualType name="StripeCreditCardVaultFacade" type="Magento\Vault\Model\Method\Vault">
    <arguments>
      <argument name="config" xsi:type="object">StripeVaultPaymentConfig</argument>
      <argument name="valueHandlerPool" xsi:type="object">StripeVaultPaymentValueHandlerPool</argument>
      <argument name="vaultProvider" xsi:type="object">StripeFacade</argument>
      <argument name="code" xsi:type="const">Pmclain\Stripe\Model\Ui\ConfigProvider::CC_VAULT_CODE</argument>
    </arguments>
  </virtualType>
  <type name="Pmclain\Stripe\Gateway\Config\Config">
    <arguments>
      <argument name="methodCode" xsi:type="const">Pmclain\Stripe\Model\Ui\ConfigProvider::CODE</argument>
    </arguments>
  </type>

  <!-- Logger -->
  <virtualType name="StripeLoggerForTransactionSale" type="Magento\Payment\Model\Method\Logger">
    <arguments>
      <argument name="config" xsi:type="object">Pmclain\Stripe\Gateway\Config\Config</argument>
    </arguments>
  </virtualType>
  <type name="Pmclain\Stripe\Gateway\Http\Client\TransactionSale">
    <arguments>
      <argument name="customLogger" xsi:type="object">StripeLoggerForTransactionSale</argument>
    </arguments>
  </type>
  <type name="Pmclain\Stripe\Gateway\Http\Client\TransactionSubmitForSettlement">
    <arguments>
      <argument name="customLogger" xsi:type="object">StripeLoggerForTransactionSale</argument>
    </arguments>
  </type>
  <type name="Pmclain\Stripe\Gateway\Http\Client\TransactionRefund">
    <arguments>
      <argument name="customLogger" xsi:type="object">StripeLoggerForTransactionSale</argument>
    </arguments>
  </type>
  <type name="Pmclain\Stripe\Gateway\Http\Client\TransactionVoid">
    <arguments>
      <argument name="customLogger" xsi:type="object">StripeLoggerForTransactionSale</argument>
    </arguments>
  </type>

  <!-- CommandPool -->
  <virtualType name="StripeCommandPool" type="Magento\Payment\Gateway\Command\CommandPool">
    <arguments>
      <argument name="commands" xsi:type="array">
        <item name="authorize" xsi:type="string">StripeAuthorizeCommand</item>
        <item name="sale" xsi:type="string">StripeSaleCommand</item>
        <item name="capture" xsi:type="string">StripeCaptureStrategyCommand</item>
        <item name="settlement" xsi:type="string">StripeCaptureCommand</item>
        <item name="vault_authorize" xsi:type="string">StripeVaultAuthorizeCommand</item>
        <item name="vault_sale" xsi:type="string">StripeVaultSaleCommand</item>
        <item name="vault_capture" xsi:type="string">StripeVaultCaptureCommand</item>
        <item name="void" xsi:type="string">StripeVoidCommand</item>
        <item name="refund" xsi:type="string">StripeRefundCommand</item>
        <item name="cancel" xsi:type="string">StripeVoidCommand</item>
        <item name="deny_payment" xsi:type="string">StripeVoidCommand</item>
      </argument>
    </arguments>
  </virtualType>
  <virtualType name="StripeCaptureStrategyCommand" type="Pmclain\Stripe\Gateway\Command\CaptureStrategyCommand">
    <arguments>
      <argument name="commandPool" xsi:type="object">StripeCommandPool</argument>
    </arguments>
  </virtualType>

  <!-- Command Manager -->
  <virtualType name="StripeCommandManager" type="Magento\Payment\Gateway\Command\CommandManager">
    <arguments>
      <argument name="commandPool" xsi:type="object">StripeCommandPool</argument>
    </arguments>
  </virtualType>
  <type name="Magento\Payment\Gateway\Command\CommandManagerPool">
    <arguments>
      <argument name="executors" xsi:type="array">
        <item name="pmclain_stripe" xsi:type="string">StripeCommandManager</item>
      </argument>
    </arguments>
  </type>

  <!-- Authorize Command -->
  <virtualType name="StripeAuthorizeCommand" type="Magento\Payment\Gateway\Command\GatewayCommand">
    <arguments>
      <argument name="requestBuilder" xsi:type="object">StripeAuthorizeRequest</argument>
      <argument name="transferFactory" xsi:type="object">Pmclain\Stripe\Gateway\Http\TransferFactory</argument>
      <argument name="client" xsi:type="object">Pmclain\Stripe\Gateway\Http\Client\TransactionSale</argument>
      <argument name="handler" xsi:type="object">StripeAuthorizationHandler</argument>
      <argument name="validator" xsi:type="object">Pmclain\Stripe\Gateway\Validator\ResponseValidator\Authorize</argument>
    </arguments>
  </virtualType>
  <virtualType name="StripeAuthorizeRequest" type="Magento\Payment\Gateway\Request\BuilderComposite">
    <arguments>
      <argument name="builders" xsi:type="array">
        <item name="payment" xsi:type="string">Pmclain\Stripe\Gateway\Request\PaymentDataBuilder</item>
        <item name="address" xsi:type="string">Pmclain\Stripe\Gateway\Request\AddressDataBuilder</item>
        <!--<item name="vault" xsi:type="string">Pmclain\Stripe\Gateway\Request\VaultDataBuilder</item>-->
      </argument>
    </arguments>
  </virtualType>

  <!-- Authorize & Capture Command -->
  <virtualType name="StripeSaleCommand" type="StripeAuthorizeCommand">
    <arguments>
      <argument name="requestBuilder" xsi:type="object">StripeSaleRequest</argument>
    </arguments>
  </virtualType>
  <virtualType name="StripeSaleRequest" type="Magento\Payment\Gateway\Request\BuilderComposite">
    <arguments>
      <argument name="builders" xsi:type="array">
        <item name="authorize" xsi:type="string">StripeAuthorizeRequest</item>
        <item name="settlement" xsi:type="string">Pmclain\Stripe\Gateway\Request\SettlementDataBuilder</item>
      </argument>
    </arguments>
  </virtualType>

  <!-- Capture Command -->
  <virtualType name="StripeCaptureCommand" type="Magento\Payment\Gateway\Command\GatewayCommand">
    <arguments>
      <argument name="requestBuilder" xsi:type="object">StripeCaptureRequest</argument>
      <argument name="transferFactory" xsi:type="object">Pmclain\Stripe\Gateway\Http\TransferFactory</argument>
      <argument name="client" xsi:type="object">Pmclain\Stripe\Gateway\Http\Client\TransactionSubmitForSettlement</argument>
      <argument name="handler" xsi:type="object">Pmclain\Stripe\Gateway\Response\TransactionIdHandler</argument>
      <argument name="validator" xsi:type="object">Pmclain\Stripe\Gateway\Validator\ResponseValidator</argument>
    </arguments>
  </virtualType>
  <virtualType name="StripeCaptureRequest" type="Magento\Payment\Gateway\Request\BuilderComposite">
    <arguments>
      <argument name="builders" xsi:type="array">
        <item name="capture" xsi:type="string">Pmclain\Stripe\Gateway\Request\CaptureDataBuilder</item>
      </argument>
    </arguments>
  </virtualType>

  <!-- Vault Authorization command -->
  <virtualType name="StripeVaultAuthorizeCommand" type="Magento\Payment\Gateway\Command\GatewayCommand">
    <arguments>
      <argument name="requestBuilder" xsi:type="object">StripeVaultAuthorizeRequest</argument>
      <argument name="transferFactory" xsi:type="object">Pmclain\Stripe\Gateway\Http\TransferFactory</argument>
      <argument name="client" xsi:type="object">Pmclain\Stripe\Gateway\Http\Client\TransactionSale</argument>
      <argument name="handler" xsi:type="object">StripeVaultAuthorizationHandler</argument>
      <argument name="validator" xsi:type="object">Pmclain\Stripe\Gateway\Validator\ResponseValidator\Authorize</argument>
    </arguments>
  </virtualType>
  <virtualType name="StripeVaultAuthorizeRequest" type="Magento\Payment\Gateway\Request\BuilderComposite">
    <arguments>
      <argument name="builders" xsi:type="array">
        <item name="payment" xsi:type="string">Pmclain\Stripe\Gateway\Request\PaymentDataBuilder\Vault</item>
        <item name="address" xsi:type="string">Pmclain\Stripe\Gateway\Request\AddressDataBuilder</item>
      </argument>
    </arguments>
  </virtualType>

  <!-- Vault Authorize & Capture Command -->
  <virtualType name="StripeVaultSaleCommand" type="StripeVaultAuthorizeCommand">
    <arguments>
      <argument name="requestBuilder" xsi:type="object">StripeVaultSaleRequest</argument>
    </arguments>
  </virtualType>
  <virtualType name="StripeVaultSaleRequest" type="Magento\Payment\Gateway\Request\BuilderComposite">
    <arguments>
      <argument name="builders" xsi:type="array">
        <item name="authorize" xsi:type="string">StripeVaultAuthorizeRequest</item>
        <item name="settlement" xsi:type="string">Pmclain\Stripe\Gateway\Request\SettlementDataBuilder</item>
      </argument>
    </arguments>
  </virtualType>

  <!-- Vault Capture Command -->
  <virtualType name="StripeVaultCaptureCommand" type="Magento\Payment\Gateway\Command\GatewayCommand">
    <arguments>
      <argument name="requestBuilder" xsi:type="object">StripeVaultCaptureRequest</argument>
      <argument name="transferFactory" xsi:type="object">Pmclain\Stripe\Gateway\Http\TransferFactory</argument>
      <argument name="client" xsi:type="object">Pmclain\Stripe\Gateway\Http\Client\TransactionSubmitForSettlement</argument>
      <argument name="handler" xsi:type="object">Pmclain\Stripe\Gateway\Response\TransactionIdHandler</argument>
      <argument name="validator" xsi:type="object">Pmclain\Stripe\Gateway\Validator\ResponseValidator</argument>
    </arguments>
  </virtualType>
  <virtualType name="StripeVaultCaptureRequest" type="Magento\Payment\Gateway\Request\BuilderComposite">
    <arguments>
      <argument name="builders" xsi:type="array">
        <item name="vault_capture" xsi:type="string">Pmclain\Stripe\Gateway\Request\CaptureDataBuilder</item>
      </argument>
    </arguments>
  </virtualType>

  <!-- Value Handlers -->
  <virtualType name="StripeValueHandlerPool" type="Magento\Payment\Gateway\Config\ValueHandlerPool">
    <arguments>
      <argument name="handlers" xsi:type="array">
        <item name="default" xsi:type="string">StripeConfigValueHandler</item>
        <item name="can_void" xsi:type="string">Pmclain\Stripe\Gateway\Config\CanVoidHandler</item>
        <item name="can_cancel" xsi:type="string">Pmclain\Stripe\Gateway\Config\CanVoidHandler</item>
      </argument>
    </arguments>
  </virtualType>
  <virtualType name="StripeConfigValueHandler" type="Magento\Payment\Gateway\Config\ConfigValueHandler">
    <arguments>
      <argument name="configInterface" xsi:type="object">Pmclain\Stripe\Gateway\Config\Config</argument>
    </arguments>
  </virtualType>
  <virtualType name="StripeAuthorizationHandler" type="Magento\Payment\Gateway\Response\HandlerChain">
    <arguments>
      <argument name="handlers" xsi:type="array">
        <item name="payment_details" xsi:type="string">Pmclain\Stripe\Gateway\Response\PaymentDetailsHandler</item>
        <item name="txn_id" xsi:type="string">Pmclain\Stripe\Gateway\Response\TransactionIdHandler</item>
        <item name="card_details" xsi:type="string">Pmclain\Stripe\Gateway\Response\CardDetailsHandler</item>
        <item name="vault_details" xsi:type="string">Pmclain\Stripe\Gateway\Response\VaultDetailsHandler</item>
      </argument>
    </arguments>
  </virtualType>
  <virtualType name="StripeVaultAuthorizationHandler" type="Magento\Payment\Gateway\Response\HandlerChain">
    <arguments>
      <argument name="handlers" xsi:type="array">
        <item name="payment_details" xsi:type="string">Pmclain\Stripe\Gateway\Response\PaymentDetailsHandler</item>
        <item name="txn_id" xsi:type="string">Pmclain\Stripe\Gateway\Response\TransactionIdHandler</item>
        <item name="card_details" xsi:type="string">Pmclain\Stripe\Gateway\Response\CardDetailsHandler</item>
        <!--<item name="vault_details" xsi:type="string">Pmclain\Stripe\Gateway\Response\VaultDetailsHandler</item>-->
      </argument>
    </arguments>
  </virtualType>

  <!-- Void Command -->
  <virtualType name="StripeVoidCommand" type="Magento\Payment\Gateway\Command\GatewayCommand">
    <arguments>
      <argument name="client" xsi:type="object">Pmclain\Stripe\Gateway\Http\Client\TransactionVoid</argument>
      <argument name="requestBuilder" xsi:type="object">Pmclain\Stripe\Gateway\Request\VoidDataBuilder</argument>
      <argument name="handler" xsi:type="object">Pmclain\Stripe\Gateway\Response\VoidHandler</argument>
      <argument name="validator" xsi:type="object">Pmclain\Stripe\Gateway\Validator\GeneralResponseValidator</argument>
      <argument name="transferFactory" xsi:type="object">Pmclain\Stripe\Gateway\Http\TransferFactory</argument>
    </arguments>
  </virtualType>

  <!-- Refund Command -->
  <virtualType name="StripeRefundCommand" type="Magento\Payment\Gateway\Command\GatewayCommand">
    <arguments>
      <argument name="client" xsi:type="object">Pmclain\Stripe\Gateway\Http\Client\TransactionRefund</argument>
      <argument name="requestBuilder" xsi:type="object">Pmclain\Stripe\Gateway\Request\RefundDataBuilder</argument>
      <argument name="validator" xsi:type="object">Pmclain\Stripe\Gateway\Validator\GeneralResponseValidator</argument>
      <argument name="handler" xsi:type="object">Pmclain\Stripe\Gateway\Response\RefundHandler</argument>
      <argument name="transferFactory" xsi:type="object">Pmclain\Stripe\Gateway\Http\TransferFactory</argument>
    </arguments>
  </virtualType>

  <!-- Validators -->
  <virtualType name="StripeCountryValidator" type="Magento\Payment\Gateway\Validator\CountryValidator">
    <arguments>
      <argument name="config" xsi:type="object">Pmclain\Stripe\Gateway\Config\Config</argument>
    </arguments>
  </virtualType>
  <virtualType name="StripeValidatorPool" type="Magento\Payment\Gateway\Validator\ValidatorPool">
    <arguments>
      <argument name="validators" xsi:type="array">
        <item name="country" xsi:type="string">StripeCountryValidator</item>
      </argument>
    </arguments>
  </virtualType>

  <!-- Blocks -->
  <type name="Pmclain\Stripe\Block\Info">
    <arguments>
      <argument name="config" xsi:type="object">Pmclain\Stripe\Gateway\Config\Config</argument>
    </arguments>
  </type>

  <!-- Settlement Reqports?? -->
</config>