<?xml version="1.0"?>
<config xmlns:xsi="http://www.w3.org/2001/XMLSchema-instance"
        xsi:noNamespaceSchemaLocation="urn:magento:module:Magento_Sales:etc/pdf_file.xsd">
    <renderers>
        <page type="order">
            <renderer product_type="default">Magento\Sales\Model\Order\Pdf\Items\Invoice\DefaultInvoice</renderer>
            <renderer product_type="bundle">Fooman\PrintOrderPdf\Model\Pdf\BundleItems</renderer>
            <renderer product_type="downloadable">Magento\Downloadable\Model\Sales\Order\Pdf\Items\Invoice</renderer>
            <renderer product_type="grouped">Magento\GroupedProduct\Model\Order\Pdf\Items\Invoice\Grouped</renderer>
        </page>
    </renderers>
</config>
